number,value,params_alpha,params_colsample_bytree,params_eval_metric,params_lambda,params_learning_rate,params_max_depth,params_min_child_weight,params_objective,params_subsample,params_tree_method,state
0,0.7901104459031365,0.009803055927627695,0.9691894520798701,logloss,0.002616267416739127,0.08961878864920057,13,281,binary:logistic,0.7540186081319316,gpu_hist,COMPLETE
1,0.7900027670113396,0.3703913299352746,0.4491854575745109,logloss,0.051186093797599835,0.015264129758892162,3,190,binary:logistic,0.47781416779476105,gpu_hist,COMPLETE
2,0.7738210700959653,1.8130887914237492,0.7612046037182509,logloss,0.054161274243816136,0.0015712448326878849,11,229,binary:logistic,0.9531417190315602,gpu_hist,COMPLETE
3,0.7833455733472142,0.3419574831346868,0.8655103977306926,logloss,0.05204425315197294,0.0037383743364850855,13,156,binary:logistic,0.7291818843596867,gpu_hist,COMPLETE
4,0.7868063396792554,0.16352017776067285,0.7746535488127746,logloss,0.0017606960924347655,0.003447923980362652,20,71,binary:logistic,0.8008431753366521,gpu_hist,COMPLETE
5,0.7968079745500505,0.007014367772641966,0.40332360891605024,logloss,8.34096787597153,0.01798070223251322,5,136,binary:logistic,0.8668287397064394,gpu_hist,COMPLETE
6,0.7968350027133968,0.03237077158638497,0.7519905583332611,logloss,0.005515545078614094,0.018338685373539974,5,179,binary:logistic,0.7742271614398983,gpu_hist,COMPLETE
